{
    "mode": "managed",
    "type": "aws_db_instance",
    "name": "database",
    "provider": "provider.aws",
    "instances": [
      {
        "schema_version": 1,
        "attributes": {
          "password": "hunter2",
          "performance_insights_enabled": false,
          "performance_insights_kms_key_id": "",
          "performance_insights_retention_period": 0,
          "port": 5432,
          "publicly_accessible": false,
          "replicas": [],
          "replicate_source_db": "",
          "resource_id": "db-O6TUYBMS2HGAY7GKSLTL5H4JEM",
          "s3_import": [],
          "security_group_names": null,
          "skip_final_snapshot": false,
          "snapshot_identifier": null,
          "status": "available",
          "storage_encrypted": false,
          "storage_type": "gp2",
          "tags": null,
          "timeouts": null,
          "timezone": "",
          "username": "AzureDiamond"
        }
      }
    ]
}
